Pitcher,Number,Exp_Day,Plant,Treatment,First,Second,Third,Fourth,Total_Resident,Corrected_Pro,Corrected_Chit,log_Pro,log_Chit
1_1,1,0,1,Addition,2,2,0,0,4,43.63705275,2.414209041,1.639855411,0.382774872
1_2,2,0,1,Variable,0,0,0,0,0,21.48009011,1.956440809,1.332036099,0.291466713
1_3,3,0,1,Removal,0,1,0,0,1,124.8805824,22.67944131,2.096494915,1.355632352
10_1,4,0,10,Addition,2,1,0,0,3,5.165474725,0.606283467,0.713110241,-0.217324275
10_2,5,0,10,Removal,0,0,0,0,0,13.63119048,2.354355395,1.134533787,0.371872021
12_1,6,0,12,Variable,0,1,0,0,1,53.88786593,6.345869381,1.731490985,0.802491129
12_2,7,0,12,Addition,0,2,0,0,2,20.1831685,4.269822927,1.304989346,0.630409865
13_1,8,0,13,Addition,3,0,0,0,3,103.2858337,1.420292957,2.014040759,0.152377933
14_1,9,0,14,NA,0,0,0,0,0,54.84198755,4.867404346,1.739113186,0.687297426
14_2,10,0,14A,Removal,0,0,0,0,0,17.60078315,2.841877872,1.245531992,0.45360541
14_3,11,0,14A,Variable,0,0,0,0,0,19.33331941,1.737627622,1.286306426,0.239956712
14_4,12,0,14B,Removal,0,0,0,0,0,35.49572967,6.859316434,1.550176108,0.836280838
16_1,13,0,16,Removal,0,0,0,0,0,12.66315824,2.085328422,1.102542034,0.319174462
16_2,14,0,16B,Removal,0,0,0,0,0,11.50205788,1.136644605,1.060775549,0.055624695
16_3,15,0,16C,Removal,0,0,0,0,0,24.20321685,1.38656019,1.383873092,0.141938727
16_4,16,0,16A,Variable,0,0,0,0,0,41.80672747,6.522472777,1.621246173,0.814412275
17_1,17,0,17,Removal,0,0,0,0,0,31.34290623,7.564113636,1.496139263,0.878758045
17_2,18,0,17,Removal,0,0,0,0,0,23.53532088,5.597093157,1.371720124,0.747962535
18_1,19,0,18,Variable,0,1,0,0,1,5.690664469,0.817925824,0.75516298,-0.08728608
18_2,20,0,18,Variable,0,0,0,0,0,23.4768315,4.759388362,1.370639483,0.677551144
19_1,21,0,19,Addition,0,1,0,0,1,6.97929304,26.42211446,0.843811433,1.42196757
19_2,22,0,19,Removal,0,0,0,0,0,48.08778388,5.775437313,1.682034763,0.761584874
2_1,23,0,2,Variable,0,0,0,0,0,31.22627473,10.00313262,1.494520176,1.000136027
2_2,24,0,2,Addition,2,0,0,0,2,29.46284908,2.174025225,1.469274741,0.337264579
2_3,25,0,2,Variable,0,0,0,0,0,16.30046667,1.091395854,1.212200038,0.0379823
20_1,26,0,20,Addition,4,0,0,0,4,49.29428645,0.751016234,1.692796584,-0.124350675
21_1,27,0,21,Addition,4,0,0,0,4,23.23829231,1.530737512,1.36620421,0.184900725
21_2,28,0,21,Removal,1,0,0,0,1,8.516954579,4.827079171,0.930284331,0.683684422
22_1,29,0,22,Variable,0,0,0,0,0,39.20509963,4.918387363,1.593342562,0.69182273
22_2,30,0,22A,Addition,5,0,0,0,5,14.88890037,2.479967283,1.172862624,0.394445951
23_1,31,0,23,Variable,0,0,0,0,0,128.3002791,1.904915335,2.108227601,0.279875678
24_1,32,0,24,Removal,0,0,0,0,0,25.46201392,1.385485265,1.405892751,0.141601911
25_1,33,0,25,Variable,0,0,0,0,0,45.95512308,32.69279695,1.662333934,1.514452077
25_2,34,0,25,Removal,0,0,0,0,0,8.389738462,0.942527223,0.923748423,-0.025706097
25_3,35,0,25A,Addition,2,2,0,0,4,106.4583744,5.762173077,2.02717983,0.760586299
26_1,36,0,26,Addition,2,3,0,0,5,23.73183077,2.804677073,1.375331243,0.447882864
27_1,37,0,27,Removal,0,0,0,0,0,149.5358205,11.85912812,2.174745238,1.074052761
27_2,38,0,27,Addition,3,0,0,0,3,30.41769744,1.750046703,1.483126336,0.243049639
27_3,39,0,27,Addition,3,0,0,0,3,14.17137802,2.420731518,1.151412083,0.383946625
27_4,40,0,27A,Variable,0,0,0,0,0,38.44128132,2.942329421,1.584797855,0.468691294
28_1,41,0,28,Variable,0,0,0,0,0,23.38136484,0.825874875,1.368869859,-0.083085746
29_1,42,0,29,Addition,4,0,0,0,4,108.1609048,4.248593157,2.034070312,0.628245145
29_2,43,0,29,Addition,2,0,0,0,2,16.59788645,10.66427847,1.220052789,1.027931477
3_1,44,0,3,Variable,0,1,0,0,1,38.29784542,3.976967283,1.583174342,0.599552018
3_2,45,0,3,Removal,1,0,0,0,1,50.1920022,26.79525899,1.70063452,1.428057959
3_3,46,0,3,Addition,2,1,0,0,3,14.82060586,1.917657592,1.170865958,0.282771064
4_2,47,0,4,Addition,1,2,0,0,3,87.65964029,1.632095654,1.942799684,0.212745608
4_3,48,0,4A,NA,1,2,0,0,3,10.6011685,0.424044206,1.025353737,-0.372588866
6_1,49,0,5,Variable,0,0,0,0,0,11.56555678,2.227909341,1.063166545,0.347897514
6_2,50,0,5,Removal,0,0,0,0,0,22.76662344,2.756463287,1.357298624,0.440352213
8_1,51,0,8,Removal,0,0,0,0,0,32.3670967,5.22333991,1.510103745,0.717948289
8_2,52,0,8,Removal,1,0,0,0,1,30.86711868,2.214790959,1.489496092,0.345332742
8_3,53,0,8B,Addition,2,0,0,0,2,39.4890381,3.073454795,1.596476555,0.48762683
8_4,54,0,8A,Variable,0,0,0,0,0,113.1290176,9.696276474,2.053574016,0.98660499
8_5,55,0,8A,Variable,0,1,0,0,1,50.55663223,6.013872378,1.703778136,0.779154208
9_1,56,0,9,Removal,0,0,0,0,0,26.74765055,1.377268482,1.427285641,0.139018609
9_2,57,0,9,Addition,1,0,0,0,1,8.044520879,0.907867383,0.905500183,-0.041977587
9_3,58,0,9A,Removal,1,0,0,0,1,10.35575458,0.586873876,1.01518175,-0.231455222
1_1,59,3,1,Addition,4,2,0,0,6,NA,NA,#VALUE!,#VALUE!
1_2,60,3,1,Variable,0,0,0,0,0,NA,NA,#VALUE!,#VALUE!
1_3,61,3,1,Removal,0,1,0,0,1,NA,NA,#VALUE!,#VALUE!
10_1,62,3,10,Addition,2,1,0,0,3,NA,NA,#VALUE!,#VALUE!
10_2,63,3,10,Removal,0,0,0,0,0,NA,NA,#VALUE!,#VALUE!
12_1,64,3,12,Variable,0,1,0,0,1,NA,NA,#VALUE!,#VALUE!
12_2,65,3,12,Addition,2,2,0,0,4,NA,NA,#VALUE!,#VALUE!
13_1,66,3,13,Addition,3,0,0,0,3,NA,NA,#VALUE!,#VALUE!
14_1,67,3,14,NA,0,0,0,0,0,NA,NA,#VALUE!,#VALUE!
14_2,68,3,14A,Removal,0,0,0,0,0,NA,NA,#VALUE!,#VALUE!
14_3,69,3,14A,Variable,0,0,0,0,0,NA,NA,#VALUE!,#VALUE!
14_4,70,3,14B,Removal,0,0,0,0,0,NA,NA,#VALUE!,#VALUE!
16_1,71,3,16,Removal,0,0,0,0,0,NA,NA,#VALUE!,#VALUE!
16_2,72,3,16B,Removal,0,0,0,0,0,NA,NA,#VALUE!,#VALUE!
16_3,73,3,16C,Removal,0,0,0,0,0,NA,NA,#VALUE!,#VALUE!
16_4,74,3,16A,Variable,0,0,0,0,0,NA,NA,#VALUE!,#VALUE!
17_1,75,3,17,Removal,0,0,0,0,0,NA,NA,#VALUE!,#VALUE!
17_2,76,3,17,Removal,0,0,0,0,0,NA,NA,#VALUE!,#VALUE!
18_1,77,3,18,Variable,0,1,0,0,1,NA,NA,#VALUE!,#VALUE!
18_2,78,3,18,Variable,0,0,0,0,0,NA,NA,#VALUE!,#VALUE!
19_1,79,3,19,Addition,3,1,0,0,4,NA,NA,#VALUE!,#VALUE!
19_2,80,3,19,Removal,0,0,0,0,0,NA,NA,#VALUE!,#VALUE!
2_1,81,3,2,Variable,0,0,0,0,0,NA,NA,#VALUE!,#VALUE!
2_2,82,3,2,Addition,4,0,0,0,4,NA,NA,#VALUE!,#VALUE!
2_3,83,3,2,Variable,0,0,0,0,0,NA,NA,#VALUE!,#VALUE!
20_1,84,3,20,Addition,5,0,0,0,5,NA,NA,#VALUE!,#VALUE!
21_1,85,3,21,Addition,4,0,0,0,4,NA,NA,#VALUE!,#VALUE!
21_2,86,3,21,Removal,1,0,0,0,1,NA,NA,#VALUE!,#VALUE!
22_1,87,3,22,Variable,3,0,0,0,3,NA,NA,#VALUE!,#VALUE!
22_2,88,3,22A,Addition,5,0,0,0,5,NA,NA,#VALUE!,#VALUE!
23_1,89,3,23,Variable,0,0,0,0,0,NA,NA,#VALUE!,#VALUE!
24_1,90,3,24,Removal,0,0,0,0,0,NA,NA,#VALUE!,#VALUE!
25_1,91,3,25,Variable,0,0,0,0,0,NA,NA,#VALUE!,#VALUE!
25_2,92,3,25,Removal,0,0,0,0,0,NA,NA,#VALUE!,#VALUE!
25_3,93,3,25A,Addition,3,2,0,0,5,NA,NA,#VALUE!,#VALUE!
26_1,94,3,26,Addition,2,3,0,0,5,NA,NA,#VALUE!,#VALUE!
27_1,95,3,27,Removal,0,0,0,0,0,NA,NA,#VALUE!,#VALUE!
27_2,96,3,27,Addition,4,0,0,0,4,NA,NA,#VALUE!,#VALUE!
27_3,97,3,27,Addition,3,0,0,0,3,NA,NA,#VALUE!,#VALUE!
27_4,98,3,27A,Variable,0,0,0,0,0,NA,NA,#VALUE!,#VALUE!
28_1,99,3,28,Variable,0,0,0,0,0,NA,NA,#VALUE!,#VALUE!
29_1,100,3,29,Addition,4,0,0,0,4,NA,NA,#VALUE!,#VALUE!
29_2,101,3,29,Addition,2,0,0,0,2,NA,NA,#VALUE!,#VALUE!
3_1,102,3,3,Variable,0,1,0,0,1,NA,NA,#VALUE!,#VALUE!
3_2,103,3,3,Removal,1,0,0,0,1,NA,NA,#VALUE!,#VALUE!
3_3,104,3,3,Addition,3,1,0,0,4,NA,NA,#VALUE!,#VALUE!
4_2,105,3,4,Addition,2,2,0,0,4,NA,NA,#VALUE!,#VALUE!
4_3,106,3,4A,NA,1,2,0,0,3,NA,NA,#VALUE!,#VALUE!
6_1,107,3,5,Variable,0,0,0,0,0,NA,NA,#VALUE!,#VALUE!
6_2,108,3,5,Removal,0,0,0,0,0,NA,NA,#VALUE!,#VALUE!
8_1,109,3,8,Removal,0,0,0,0,0,NA,NA,#VALUE!,#VALUE!
8_2,110,3,8,Removal,1,0,0,0,1,NA,NA,#VALUE!,#VALUE!
8_3,111,3,8B,Addition,4,0,0,0,4,NA,NA,#VALUE!,#VALUE!
8_4,112,3,8A,Variable,0,0,0,0,0,NA,NA,#VALUE!,#VALUE!
8_5,113,3,8A,Variable,0,1,0,0,1,NA,NA,#VALUE!,#VALUE!
9_1,114,3,9,Removal,0,0,0,0,0,NA,NA,#VALUE!,#VALUE!
9_2,115,3,9,Addition,4,0,0,0,4,NA,NA,#VALUE!,#VALUE!
9_3,116,3,9A,Removal,1,0,0,0,1,NA,NA,#VALUE!,#VALUE!
1_1,117,11,1,Addition,1,0,1,1,3,35.71816521,10.26287556,1.552889142,1.011269063
1_2,118,11,1,Variable,4,0,0,0,4,34.67160061,3.937421486,1.539973891,0.595211907
1_3,119,11,1,Removal,0,0,0,0,0,51.91230693,11.15192578,1.715270329,1.04734987
10_1,120,11,10,Addition,0,1,1,1,3,3.000112922,0.258495967,0.477137602,-0.587546228
10_2,121,11,10,Removal,0,0,0,0,0,10.40414778,1.220307452,1.017206512,0.086469263
12_1,122,11,12,Variable,3,0,0,1,4,6.639676393,1.148557017,0.822146913,0.060152559
12_2,123,11,12,Addition,0,2,1,3,6,13.39451838,1.690819672,1.126927103,0.228097292
13_1,124,11,13,Addition,0,4,0,1,5,3.633343691,0.642634961,0.560306481,-0.192035651
14_1,125,11,14,NA,NA,NA,NA,NA,NA,NA,NA,#VALUE!,#VALUE!
14_2,126,11,14A,Removal,0,1,0,0,1,24.9153884,3.113761685,1.396467662,0.49328537
14_3,127,11,14A,Variable,0,0,3,0,3,14.15093975,0.802340719,1.150785282,-0.095641167
14_4,128,11,14B,Removal,0,0,0,0,0,1.994057598,0.004335955,0.299737699,-2.362915234
16_1,129,11,16,Removal,0,0,0,1,1,281.8939409,3.213214836,2.450085741,0.506939764
16_2,130,11,16B,Removal,0,0,0,0,0,11.67504737,2.099895915,1.067258651,0.322197769
16_3,131,11,16C,Removal,0,0,0,0,0,36.51345131,5.967766769,1.562452885,0.775811842
16_4,132,11,16A,Variable,0,0,0,2,2,24.98506631,1.65969535,1.397680506,0.220028377
17_1,133,11,17,Removal,0,0,0,0,0,9.128773778,1.117091215,0.960412445,0.048088636
17_2,134,11,17,Removal,0,0,0,0,0,42.36868283,1.899875098,1.627044963,0.27872505
18_1,135,11,18,Variable,0,1,1,0,2,14.34283062,18.25686263,1.15663487,1.261426148
18_2,136,11,18,Variable,0,1,1,0,2,9.713345207,3.024050922,0.987368824,0.4805891
19_1,137,11,19,Addition,1,1,0,0,2,3.37520197,0.896842211,0.528299766,-0.047283959
19_2,138,11,19,Removal,0,0,0,1,1,37.20236529,5.445820373,1.570570553,0.736063312
2_1,139,11,2,Variable,1,0,1,0,2,141.6955203,4.002637363,2.15135612,0.602346245
2_2,140,11,2,Addition,0,0,0,3,3,11.2840432,2.549547029,1.05246474,0.406463027
2_3,141,11,2,Variable,0,0,0,4,4,33.7611997,6.931285654,1.528417871,0.840813797
20_1,142,11,20,Addition,0,2,2,4,8,3.651406593,1.456348206,0.562460195,0.163265225
21_1,143,11,21,Addition,0,0,2,7,9,1.224757105,1.32224424,0.088049968,0.121311684
21_2,144,11,21,Removal,0,0,0,0,0,14.5417014,3.724151804,1.162615223,0.571027375
22_1,145,11,22,Variable,0,3,2,1,6,2.614133384,0.366861226,0.417327743,-0.435498187
22_2,146,11,22A,Addition,0,2,2,0,4,79.86119212,0.747350828,1.902335789,-0.12647548
23_1,147,11,23,Variable,0,0,1,0,1,10.81325881,3.213266479,1.033956598,0.506946743
24_1,148,11,24,Removal,0,0,0,0,0,33.33075483,4.816795773,1.522845149,0.682758233
25_1,149,11,25,Variable,0,0,0,0,0,40.79687382,4.487521768,1.610626885,0.652006568
25_2,150,11,25,Removal,0,0,0,0,0,130.9213073,54.97273764,2.117010333,1.740147365
25_3,151,11,25A,Addition,0,2,1,2,5,2.576028041,0.409800436,0.410950586,-0.387427584
26_1,152,11,26,Addition,0,2,1,7,10,7.039726412,2.643652195,0.847555781,0.422204318
27_1,153,11,27,Removal,0,0,0,0,0,79.03324365,14.18506575,1.897809806,1.151831353
27_2,154,11,27,Addition,0,2,0,1,3,76.33976885,17.51675374,1.882750841,1.243453624
27_3,155,11,27,Addition,0,2,1,3,6,7.909078439,2.235971497,0.898125883,0.349466263
27_4,156,11,27A,Variable,1,1,0,1,3,25.67859113,10.20762265,1.409571192,1.008924607
28_1,157,11,28,Variable,0,1,2,0,3,31.12734445,2.768196321,1.493142072,0.442196887
29_1,158,11,29,Addition,0,2,0,0,2,NA,2.728725555,#VALUE!,0.435959858
29_2,159,11,29,Addition,1,2,1,0,4,71.88931489,5.368269981,1.856664345,0.729834349
3_1,160,11,3,Variable,1,1,1,1,4,277.5078401,4.806175064,2.443275257,0.681799586
3_2,161,11,3,Removal,0,0,0,0,0,16.56163471,16.15905723,1.219103201,1.208416019
3_3,162,11,3,Addition,0,0,0,0,0,55.12483895,1.409379691,1.741347334,0.149028009
4_2,163,11,4,Addition,1,2,3,3,9,1.250183403,4.427529774,0.096973729,0.64616149
4_3,164,11,4A,NA,NA,NA,NA,NA,NA,NA,NA,#VALUE!,#VALUE!
6_1,165,11,5,Variable,0,1,2,1,4,18.31478818,2.96008487,1.2628019,0.471304163
6_2,166,11,5,Removal,0,0,0,0,0,49.02940129,15.56481115,1.69045659,1.192143856
8_1,167,11,8,Removal,0,0,0,0,0,78.66578174,12.14327148,1.895785863,1.084335704
8_2,168,11,8,Removal,0,0,0,0,0,28.33415309,3.75651234,1.452310236,0.57478482
8_3,169,11,8B,Addition,0,1,2,2,5,5.227036756,6.334971877,0.718255554,0.801744691
8_4,170,11,8A,Variable,1,0,0,1,2,7.446857901,15.74174583,0.871973067,1.197052896
8_5,171,11,8A,Variable,3,1,1,1,6,13.5537014,3.308909706,1.132057914,0.519684916
9_1,172,11,9,Removal,0,0,0,0,0,19.71638878,10.71827899,1.294827373,1.030125057
9_2,173,11,9,Addition,3,1,1,1,6,12.63323456,2.986901259,1.10151456,0.475220866
9_3,174,11,9A,Removal,0,0,0,0,0,20.40803259,3.0897564,1.309801139,0.48992424
1_1,175,21,1,Addition,0,2,1,4,7,4.256669963,0.852053834,0.629069979,-0.069532965
1_2,176,21,1,Variable,0,1,4,2,7,15.11702454,1.443493596,1.179466318,0.159414861
1_3,177,21,1,Removal,1,0,0,0,1,4.637034799,1.419980983,0.666240355,0.152282528
10_1,178,21,10,Addition,0,3,1,1,5,3.804577656,0.373295991,0.580306453,-0.427946674
10_2,179,21,10,Removal,1,0,0,0,1,11.32256593,0.514102711,1.053944858,-0.288950106
12_1,180,21,12,Variable,3,5,0,1,9,4.353383516,0.812121953,0.638826928,-0.09037875
12_2,181,21,12,Addition,0,4,3,0,7,8.194404762,1.120690321,0.913517412,0.049485621
13_1,182,21,13,Addition,2,3,0,5,10,12.91153297,0.902182172,1.110977809,-0.044705759
14_2,183,21,14A,Removal,0,0,0,0,0,8.767795238,1.163225985,0.942890399,0.065664095
14_3,184,21,14A,Variable,2,0,0,0,2,5.768057509,1.114562028,0.761029582,0.047104243
14_4,185,21,14B,Removal,0,0,0,0,0,2.58337326,0.892040217,0.41218716,-0.049615565
16_1,186,21,16,Removal,0,0,0,0,0,5.978116117,0.708092227,0.776564346,-0.149910173
16_2,187,21,16B,Removal,0,0,0,0,0,1.952913187,6.418671277,0.290682938,0.807445134
16_3,188,21,16C,Removal,0,0,0,0,0,12.04451905,29.92564973,1.080789463,1.476043588
16_4,189,21,16A,Variable,0,0,0,0,0,5.537307326,0.963196179,0.743298628,-0.016285249
17_1,190,21,17,Removal,0,1,0,0,1,9.754461905,0.76135595,0.989203317,-0.118412254
17_2,191,21,17,Removal,0,0,0,0,0,23.7371315,0.601992339,1.375428236,-0.220409036
18_1,192,21,18,Variable,0,0,0,4,4,3.583445055,2.201062286,0.55430075,0.342632332
18_2,193,21,18,Variable,2,1,0,1,4,19.88754615,1.61116049,1.2985812,0.207138803
19_1,194,21,19,Addition,5,0,1,0,6,1.53548022,0.39157575,0.186244226,-0.407184212
19_2,195,21,19,Removal,0,0,0,0,0,26.00670952,3.862457942,1.415085407,0.586863763
2_1,196,21,2,Variable,0,0,0,2,2,1.405250183,0.358132366,0.147753651,-0.445956428
2_2,197,21,2,Addition,0,4,1,0,5,1.605089011,0.332847269,0.205499121,-0.477755002
2_3,198,21,2,Variable,0,0,0,0,0,19.40593443,2.329872918,1.28793456,0.367332233
20_1,199,21,20,Addition,0,3,1,6,10,4.669172527,0.659009004,0.669239922,-0.181108652
21_1,200,21,21,Addition,0,3,0,1,4,3.237711722,0.84528682,0.510238178,-0.072995903
21_2,201,21,21,Removal,0,0,0,1,1,21.03877473,4.005142537,1.323020443,0.602617977
22_1,202,21,22,Variable,1,0,0,1,2,18.43845018,0.485870641,1.265724414,-0.313479343
22_2,203,21,22A,Addition,3,2,1,0,6,23.65498077,2.116253813,1.373922599,0.325567754
23_1,204,21,23,Variable,0,0,0,0,0,4.194268498,0.529032567,0.622656229,-0.276517592
24_1,205,21,24,Removal,0,1,0,0,1,16.36775568,1.669916177,1.213989134,0.222694672
25_1,206,21,25,Variable,0,2,1,0,3,9.811910989,1.837039022,0.9917536,0.264118382
25_2,207,21,25,Removal,0,0,1,0,1,3.876291209,1.405485972,0.588416396,0.147826515
25_3,208,21,25A,Addition,0,5,1,0,6,8.409855311,1.72017323,0.924788524,0.235572185
26_1,209,21,26,Addition,0,0,0,6,6,4.346252381,0.689562829,0.638114942,-0.161426157
27_1,210,21,27,NA,NA,NA,NA,NA,0,NA,NA,#VALUE!,#VALUE!
27_2,211,21,27,Addition,0,2,0,0,2,21.84195055,1.462313542,1.33929142,0.165040502
27_3,212,21,27,Addition,1,0,0,0,1,6.096217216,0.628243181,0.785060433,-0.201872217
27_4,213,21,27A,Variable,2,1,0,0,3,21.11675934,1.14552132,1.32462727,0.059003177
28_1,214,21,28,Variable,0,1,0,0,1,5.66515348,1.059447898,0.75321168,0.025079604
29_1,215,21,29,Addition,0,7,1,3,11,3.059499267,0.657243722,0.485650353,-0.182273554
29_2,216,21,29,Addition,1,0,0,0,1,7.017881685,0.953804923,0.846206042,-0.02054044
3_1,217,21,3,Variable,1,0,0,1,2,24.67888974,3.391578153,1.392325618,0.530401829
3_2,218,21,3,Removal,0,0,0,1,1,64.11563993,5.686891713,1.806963981,0.754874959
3_3,219,21,3,Addition,0,5,1,2,8,6.377661905,2.017155431,0.804661493,0.304739364
4_2,220,21,4,Addition,0,2,5,3,10,3.610041392,2.310086587,0.557512181,0.363628258
6_1,221,21,6,Variable,0,4,0,4,8,7.266517582,0.529232094,0.861326329,-0.276353827
6_2,222,21,6,Removal,0,6,0,2,8,21.49405165,2.09132412,1.332318288,0.320421346
8_1,223,21,8,Removal,1,2,1,1,5,5.955128571,1.285999996,0.774891142,0.109240967
8_2,224,21,8,Removal,1,0,0,0,1,2.705562271,0.605500094,0.432257534,-0.217885785
8_3,225,21,8B,Addition,0,3,0,2,5,6.352352015,2.655689052,0.802934556,0.424177223
8_4,226,21,8A,Variable,0,0,0,0,0,16.39141575,3.47130435,1.214616466,0.540492693
8_5,227,21,8A,Variable,2,5,1,2,10,7.670061905,1.134226048,0.884798869,0.054699617
9_1,228,21,9,Removal,1,0,0,0,1,9.148214286,1.501659963,0.961336329,0.176571602
9_2,229,21,9,Addition,1,2,0,0,3,8.777238462,2.157238301,0.943357898,0.333898122
9_3,230,21,9A,Removal,0,0,0,1,1,8.496215751,0.593241723,0.929225532,-0.226768312
1_1,231,32,1,Addition,0,4,0,1,5,33.8446381,4.748701816,1.529489875,0.6765749
1_2,232,32,1,Variable,0,1,1,1,3,2.493524542,0.23372268,0.396813647,-0.631299142
1_3,233,32,1,Removal,4,0,0,0,4,6.805484982,0.804733165,0.83285908,-0.0943481
10_1,234,32,10,Addition,0,1,1,0,2,8.678223443,1.088522543,0.938430828,0.036837428
10_2,235,32,10,Removal,2,3,0,0,5,6.11177033,0.949816579,0.786167026,-0.022360254
12_1,236,32,12,Variable,0,1,3,0,4,4.218705495,0.786119765,0.625179209,-0.104511284
12_2,237,32,12,NA,NA,NA,NA,NA,NA,NA,NA,#VALUE!,#VALUE!
13_1,238,32,13,Addition,0,1,2,2,5,4.402402198,0.56902986,0.643689717,-0.244864943
14_2,239,32,14A,Removal,0,0,0,0,0,5.341001465,0.791041638,0.727622697,-0.101800656
14_3,240,32,14A,Variable,2,1,0,3,6,12.14908791,1.212756119,1.084543675,0.083773475
14_4,241,32,14B,Removal,0,0,0,0,0,5.253967033,2.093555039,0.720487343,0.320884383
16_1,242,32,16,Removal,0,0,0,0,0,11.77241245,2.346901359,1.070865469,0.370494836
16_2,243,32,16B,Removal,0,0,0,0,0,7.238582418,1.79996299,0.859653524,0.255263575
16_3,244,32,16C,Removal,0,0,0,0,0,1.026668864,0.353363402,0.011430391,-0.451778433
16_4,245,32,16A,Variable,0,0,0,0,0,3.47256044,0.511704395,0.540649813,-0.290980853
17_1,246,32,17,Removal,0,0,0,0,0,3.404076923,0.293828747,0.531999365,-0.531905717
17_2,247,32,17,Removal,0,0,0,0,0,2.089013187,0.218232323,0.319941181,-0.661080924
18_1,248,32,18,Variable,0,0,1,3,4,44.09779707,2.955969123,1.644416895,0.470699893
18_2,249,32,18,Variable,0,0,1,1,2,6.814145788,1.094215518,0.833411421,0.03910287
19_1,250,32,19,Addition,2,0,1,1,4,2.26572381,0.409910038,0.355206969,-0.387311446
19_2,251,32,19,Removal,0,0,0,0,0,4.514150183,1.595534037,0.654576004,0.202906073
2_1,252,32,2,Variable,0,0,0,1,1,3.986022711,0.642980779,0.600539769,-0.19180201
2_2,253,32,2,Addition,0,0,2,4,6,5.115663736,4.787128379,0.70890199,0.680075074
2_3,254,32,2,Variable,0,0,0,0,0,7.628843223,0.490113957,0.88245869,-0.30970293
20_1,255,32,20,Addition,0,3,0,6,9,5.408824176,0.762204635,0.733102864,-0.117928415
21_1,256,32,21,Addition,0,0,0,8,8,7.79550696,0.622906516,0.891844364,-0.205577126
21_2,257,32,21,Removal,0,1,0,0,1,5.175826374,1.223186732,0.713979699,0.087492762
22_1,258,32,22,Variable,2,0,2,1,5,4.729754579,0.280452412,0.674838606,-0.552140821
22_2,259,32,22A,Addition,0,2,5,3,10,14.63201538,5.025816449,1.165304149,0.701206623
23_1,260,32,23,Variable,0,0,0,1,1,8.129235897,1.112755305,0.910049726,0.046399673
24_1,261,32,24,Removal,0,0,0,0,0,5.5758,1.140677642,0.746307188,0.057162929
25_1,262,32,25,Variable,0,5,1,0,6,2.46616337,0.528235495,0.392021843,-0.27717242
25_2,263,32,25,Removal,0,0,0,0,0,1.544858516,0.511143048,0.188888711,-0.291457542
25_3,264,32,25A,Addition,2,5,0,0,7,3.212060806,0.640365704,0.506783758,-0.193571936
26_1,265,32,26,Addition,0,1,2,6,9,2.897704762,0.567954547,0.462054134,-0.245686419
27_2,266,32,27,Addition,0,6,0,0,6,3.672864011,0.708588368,0.565004849,-0.149605981
27_3,267,32,27,Addition,0,4,4,1,9,5.630292308,0.550019928,0.750530943,-0.259621575
27_4,268,32,27A,Variable,0,0,0,0,0,2.627852747,0.765866554,0.419601026,-0.115846896
28_1,269,32,28,Variable,2,1,0,0,3,2.38063663,0.599924761,0.376693112,-0.221903213
29_1,270,32,29,Addition,1,2,0,1,4,1.518956044,0.330371479,0.181545206,-0.480997452
29_2,271,32,29,Addition,2,0,0,0,2,3.859375,0.516573244,0.586516979,-0.286868092
3_1,272,32,3,Variable,0,0,2,0,2,11.27567985,1.800000813,1.052142736,0.255272701
3_2,273,32,3,Removal,0,0,0,0,0,3.742561905,0.733448565,0.573168993,-0.134630337
3_3,274,32,3,Addition,0,1,3,2,6,11.58512747,6.419078664,1.063900817,0.807472698
4_2,275,32,4,Addition,0,2,2,0,4,3.447430769,0.791207164,0.537495553,-0.101709789
6_1,276,32,5,Variable,0,3,0,2,5,6.703411722,0.912345353,0.826295894,-0.039840736
6_2,277,32,5,Removal,0,0,1,1,2,5.758091575,1.566625861,0.760278567,0.194965291
8_1,278,32,8,Removal,0,1,0,1,2,4.530264469,3.147430475,0.656123556,0.497956146
8_2,279,32,8,Removal,0,1,0,0,1,3.087496703,0.419218975,0.489606503,-0.377559068
8_3,280,32,8B,Addition,0,4,3,4,11,3.925417582,1.055030462,0.593885863,0.023264999
8_4,281,32,8A,Variable,0,0,0,1,1,14.99247985,3.519018066,1.175873474,0.546421496
8_5,282,32,8A,Variable,0,5,1,1,7,17.47137802,1.453098641,1.24232716,0.162295097
9_1,283,32,9,Removal,0,0,0,0,0,3.94533956,3.922964674,0.596084387,0.593614397
9_2,284,32,9,Addition,0,0,0,0,0,3.340015385,0.947693202,0.523748467,-0.023332235
9_3,285,32,9A,Removal,0,0,0,0,0,4.773413187,0.938797472,0.678829029,-0.027428089
1_1,286,46,1,Addition,0,2,3,0,5,NA,NA,#VALUE!,#VALUE!
1_2,287,46,1,Variable,0,0,1,0,1,NA,NA,#VALUE!,#VALUE!
1_3,288,46,1,Removal,0,0,0,0,0,NA,NA,#VALUE!,#VALUE!
10_1,289,46,10,Addition,0,3,4,1,8,NA,NA,#VALUE!,#VALUE!
10_2,290,46,10,Removal,3,1,0,0,4,NA,NA,#VALUE!,#VALUE!
12_1,291,46,12,Variable,0,2,0,1,3,NA,NA,#VALUE!,#VALUE!
13_1,292,46,13,Addition,0,1,1,1,3,NA,NA,#VALUE!,#VALUE!
14_2,293,46,14A,Removal,2,2,1,1,6,NA,NA,#VALUE!,#VALUE!
14_3,294,46,14A,Variable,4,2,0,0,6,NA,NA,#VALUE!,#VALUE!
14_4,295,46,14B,Removal,1,0,0,0,1,NA,NA,#VALUE!,#VALUE!
16_1,296,46,16,Removal,0,0,0,0,0,NA,NA,#VALUE!,#VALUE!
16_2,297,46,16B,Removal,0,0,0,1,1,NA,NA,#VALUE!,#VALUE!
16_3,298,46,16C,Removal,0,0,0,0,0,NA,NA,#VALUE!,#VALUE!
16_4,299,46,16A,Variable,3,0,0,0,3,NA,NA,#VALUE!,#VALUE!
17_1,300,46,17,Removal,0,0,0,0,0,NA,NA,#VALUE!,#VALUE!
17_2,301,46,17,Removal,0,0,0,0,0,NA,NA,#VALUE!,#VALUE!
18_1,302,46,18,Variable,2,0,0,0,2,NA,NA,#VALUE!,#VALUE!
18_2,303,46,18,Variable,0,0,0,0,0,NA,NA,#VALUE!,#VALUE!
19_1,304,46,19,Addition,4,0,0,0,4,NA,NA,#VALUE!,#VALUE!
19_2,305,46,19,Removal,2,2,0,1,5,NA,NA,#VALUE!,#VALUE!
2_1,306,46,2,Variable,0,0,0,0,0,NA,NA,#VALUE!,#VALUE!
2_2,307,46,2,Addition,0,2,3,0,5,NA,NA,#VALUE!,#VALUE!
2_3,308,46,2,Variable,NA,NA,NA,NA,NA,NA,NA,#VALUE!,#VALUE!
20_1,309,46,20,Addition,0,0,3,5,8,NA,NA,#VALUE!,#VALUE!
21_1,310,46,21,Addition,3,2,3,3,11,NA,NA,#VALUE!,#VALUE!
21_2,311,46,21,Removal,2,1,0,0,3,NA,NA,#VALUE!,#VALUE!
22_1,312,46,22,Variable,4,1,0,0,5,NA,NA,#VALUE!,#VALUE!
22_2,313,46,22A,Addition,3,1,3,1,8,NA,NA,#VALUE!,#VALUE!
23_1,314,46,23,Variable,1,0,0,0,1,NA,NA,#VALUE!,#VALUE!
24_1,315,46,24,Removal,0,1,0,1,2,NA,NA,#VALUE!,#VALUE!
25_1,316,46,25,Variable,1,1,1,0,3,NA,NA,#VALUE!,#VALUE!
25_2,317,46,25,Removal,1,0,0,0,1,NA,NA,#VALUE!,#VALUE!
25_3,318,46,25A,Addition,0,5,5,0,10,NA,NA,#VALUE!,#VALUE!
26_1,319,46,26,Addition,5,5,0,0,10,NA,NA,#VALUE!,#VALUE!
27_2,320,46,27,Addition,4,2,1,1,8,NA,NA,#VALUE!,#VALUE!
27_3,321,46,27,Addition,0,5,3,0,8,NA,NA,#VALUE!,#VALUE!
27_4,322,46,27A,Variable,0,0,0,4,4,NA,NA,#VALUE!,#VALUE!
28_1,323,46,28,Variable,0,2,0,1,3,NA,NA,#VALUE!,#VALUE!
29_1,324,46,29,Addition,0,1,2,3,6,NA,NA,#VALUE!,#VALUE!
29_2,325,46,29,Addition,2,1,0,1,4,NA,NA,#VALUE!,#VALUE!
3_1,326,46,3,Variable,0,0,0,0,0,NA,NA,#VALUE!,#VALUE!
3_2,327,46,3,Removal,0,0,0,0,0,NA,NA,#VALUE!,#VALUE!
3_3,328,46,3,Addition,0,4,4,2,10,NA,NA,#VALUE!,#VALUE!
4_2,329,46,4,Addition,3,4,3,0,10,NA,NA,#VALUE!,#VALUE!
6_1,330,46,6,Variable,0,0,2,0,2,NA,NA,#VALUE!,#VALUE!
6_2,331,46,6,Removal,0,2,0,1,3,NA,NA,#VALUE!,#VALUE!
8_1,332,46,8,Removal,0,3,1,,4,NA,NA,#VALUE!,#VALUE!
8_2,333,46,8,Removal,5,2,0,0,7,NA,NA,#VALUE!,#VALUE!
8_3,334,46,8B,Addition,3,2,1,3,9,NA,NA,#VALUE!,#VALUE!
8_4,335,46,8A,Variable,0,1,0,0,1,NA,NA,#VALUE!,#VALUE!
8_5,336,46,8A,Variable,0,0,6,0,6,NA,NA,#VALUE!,#VALUE!
9_1,337,46,9,Removal,1,0,0,0,1,NA,NA,#VALUE!,#VALUE!
9_2,338,46,9,Addition,0,2,1,0,3,NA,NA,#VALUE!,#VALUE!
9_3,339,46,9A,Removal,2,1,0,0,3,NA,NA,#VALUE!,#VALUE!
1_1,340,56,1,Addition,0,1,2,0,3,NA,NA,#VALUE!,#VALUE!
1_2,341,56,1,Variable,2,0,0,0,2,NA,NA,#VALUE!,#VALUE!
1_3,342,56,1,Removal,2,1,0,0,3,NA,NA,#VALUE!,#VALUE!
10_1,343,56,10,Addition,1,5,3,1,10,NA,NA,#VALUE!,#VALUE!
10_2,344,56,10,Removal,1,1,1,0,3,NA,NA,#VALUE!,#VALUE!
12_1,345,56,12,Variable,0,1,0,0,1,NA,NA,#VALUE!,#VALUE!
13_1,346,56,13,Addition,8,1,1,0,10,NA,NA,#VALUE!,#VALUE!
14_2,347,56,14A,Removal,0,0,0,0,0,NA,NA,#VALUE!,#VALUE!
14_3,348,56,14A,Variable,2,2,1,0,5,NA,NA,#VALUE!,#VALUE!
14_4,349,56,14B,Removal,2,0,0,0,2,NA,NA,#VALUE!,#VALUE!
16_1,350,56,16,Removal,0,0,1,0,1,NA,NA,#VALUE!,#VALUE!
16_2,351,56,16B,Removal,0,0,1,0,1,NA,NA,#VALUE!,#VALUE!
16_3,352,56,16C,Removal,0,0,0,0,0,NA,NA,#VALUE!,#VALUE!
16_4,353,56,16A,Variable,1,0,0,0,1,NA,NA,#VALUE!,#VALUE!
17_1,354,56,17,Removal,0,1,0,0,1,NA,NA,#VALUE!,#VALUE!
17_2,355,56,17,Removal,0,0,0,0,0,NA,NA,#VALUE!,#VALUE!
18_1,356,56,18,Variable,0,0,0,0,0,NA,NA,#VALUE!,#VALUE!
18_2,357,56,18,Variable,0,0,1,0,1,NA,NA,#VALUE!,#VALUE!
19_1,358,56,19,Addition,3,0,1,0,4,NA,NA,#VALUE!,#VALUE!
19_2,359,56,19,Removal,0,0,0,0,0,NA,NA,#VALUE!,#VALUE!
2_1,360,56,2,Variable,0,2,4,0,6,NA,NA,#VALUE!,#VALUE!
2_2,361,56,2,NA,NA,NA,NA,NA,NA,NA,NA,#VALUE!,#VALUE!
2_3,362,56,2,Variable,0,0,0,0,0,NA,NA,#VALUE!,#VALUE!
20_1,363,56,20,Addition,3,0,4,3,10,NA,NA,#VALUE!,#VALUE!
21_1,364,56,21,Addition,1,3,0,0,4,NA,NA,#VALUE!,#VALUE!
21_2,365,56,21,Removal,1,0,0,0,1,NA,NA,#VALUE!,#VALUE!
22_1,366,56,22,Variable,6,0,1,0,7,NA,NA,#VALUE!,#VALUE!
22_2,367,56,22A,Addition,3,3,3,0,9,NA,NA,#VALUE!,#VALUE!
23_1,368,56,23,Variable,0,0,0,0,0,NA,NA,#VALUE!,#VALUE!
24_1,369,56,24,Removal,2,0,0,0,2,NA,NA,#VALUE!,#VALUE!
25_1,370,56,25,Variable,0,0,0,0,0,NA,NA,#VALUE!,#VALUE!
25_2,371,56,25,Removal,0,0,0,0,0,NA,NA,#VALUE!,#VALUE!
25_3,372,56,25A,Addition,3,2,5,0,10,NA,NA,#VALUE!,#VALUE!
26_1,373,56,26,Addition,1,0,5,1,7,NA,NA,#VALUE!,#VALUE!
27_2,374,56,27,Addition,1,4,2,0,7,NA,NA,#VALUE!,#VALUE!
27_3,375,56,27,Addition,2,0,6,0,8,NA,NA,#VALUE!,#VALUE!
27_4,376,56,27A,Variable,0,0,0,1,1,NA,NA,#VALUE!,#VALUE!
28_1,377,56,28,Variable,0,1,1,0,2,NA,NA,#VALUE!,#VALUE!
29_1,378,56,29,Addition,3,3,0,0,6,NA,NA,#VALUE!,#VALUE!
29_2,379,56,29,Addition,0,5,0,0,5,NA,NA,#VALUE!,#VALUE!
3_1,380,56,3,Variable,2,0,1,0,3,NA,NA,#VALUE!,#VALUE!
3_2,381,56,3,Removal,0,0,0,0,0,NA,NA,#VALUE!,#VALUE!
3_3,382,56,3,Addition,0,0,9,1,10,NA,NA,#VALUE!,#VALUE!
4_2,383,56,4,Addition,2,2,3,3,10,NA,NA,#VALUE!,#VALUE!
6_1,384,56,6,Variable,1,0,1,0,2,NA,NA,#VALUE!,#VALUE!
6_2,385,56,6,Removal,2,2,0,0,4,NA,NA,#VALUE!,#VALUE!
8_1,386,56,8,Removal,0,0,0,0,0,NA,NA,#VALUE!,#VALUE!
8_2,387,56,8,Removal,0,1,0,0,1,NA,NA,#VALUE!,#VALUE!
8_3,388,56,8B,Addition,0,3,3,2,8,NA,NA,#VALUE!,#VALUE!
8_4,389,56,8A,Variable,1,0,0,0,1,NA,NA,#VALUE!,#VALUE!
8_5,390,56,8A,Variable,0,2,3,1,6,NA,NA,#VALUE!,#VALUE!
9_1,391,56,9,Removal,0,0,0,0,0,NA,NA,#VALUE!,#VALUE!
9_2,392,56,9,Addition,0,3,1,0,4,NA,NA,#VALUE!,#VALUE!
9_3,393,56,9A,Removal,1,0,0,0,1,NA,NA,#VALUE!,#VALUE!
1_1,394,67,1,Addition,3,5,1,3,12,1.884610723,1.325662116,0.275221658,0.122432845
1_2,395,67,1,Variable,0,0,0,0,0,5.863467599,0.707809155,0.76815453,-0.150083824
1_3,396,67,1,Removal,0,0,0,0,0,242.9836895,5.597048191,2.385577122,0.747959046
10_1,397,67,10,Addition,0,2,3,0,5,2.126720746,0.275313231,0.327710468,-0.560172917
10_2,398,67,10,Removal,1,3,0,0,4,18.0061296,0.443220151,1.255420372,-0.353380503
12_1,399,67,12,Variable,0,0,3,2,5,6.361648485,1.089489824,0.803569668,0.037223178
13_1,400,67,13,Addition,0,2,8,0,10,16.14743963,1.011704421,1.20810367,0.005053648
14_2,401,67,14A,Removal,0,0,0,0,0,5.722254545,0.24537214,0.757567173,-0.610174749
14_3,402,67,14A,Variable,0,3,2,0,5,7.788973427,1.053853553,0.891480222,0.022780264
14_4,403,67,14B,Removal,0,0,0,0,0,5.383761305,0.101281754,0.731085797,-0.994468786
16_1,404,67,16,Removal,0,0,0,0,0,8.972090443,0.240403303,0.952893643,-0.61905957
16_2,405,67,16B,Removal,0,0,2,0,2,3.411134732,0.222944257,0.532898873,-0.651803711
16_3,406,67,16C,Removal,0,0,0,0,0,13.02405874,2.325354179,1.114746346,0.36648911
16_4,407,67,16A,Variable,0,0,0,0,0,3.273232634,0.220376668,0.514976872,-0.656834388
17_1,408,67,17,Removal,0,0,0,0,0,9.797334266,0.413535972,0.991107926,-0.383486707
17_2,409,67,17,Removal,0,0,1,0,1,26.83794033,1.283920676,1.428749183,0.108538193
18_1,410,67,18,Variable,0,0,2,0,2,34.82477016,1.673653125,1.541888259,0.223665453
18_2,411,67,18,Variable,0,0,2,0,2,15.94674219,2.707558877,1.202671973,0.432577909
19_1,412,67,19,Addition,0,2,0,0,2,1.877932867,0.308420948,0.273680063,-0.510856132
19_2,413,67,19,Removal,1,0,0,0,1,2.225004196,0.486430352,0.347330834,-0.312979334
2_1,414,67,2,Variable,0,3,1,1,5,2.915564569,0.397617632,0.464722664,-0.400534365
2_3,415,67,2,Variable,0,1,1,0,2,26.76895291,2.827964374,1.427631384,0.451473934
20_1,416,67,20,Addition,0,1,1,1,3,8.996102564,0.398370765,0.954054398,-0.39971254
21_1,417,67,21,Addition,0,2,5,3,10,18.07254639,0.728303182,1.257019348,-0.137687793
21_2,418,67,21,Removal,1,0,1,0,2,7.093907692,0.646083431,0.850885533,-0.189711396
22_1,419,67,22,Variable,0,9,0,2,11,8.323584149,0.838744473,0.920310374,-0.076370329
22_2,420,67,22A,Addition,0,2,4,0,6,10.20508904,1.686167572,1.008816798,0.226900733
23_1,421,67,23,Variable,0,0,1,0,1,54.49606713,0.847266196,1.736365161,-0.071980121
24_1,422,67,24,Removal,0,0,4,0,4,42.11952634,0.767363756,1.624483479,-0.114998717
25_1,423,67,25,Variable,0,1,1,0,2,5.717727739,1.257303368,0.757223472,0.099440079
25_2,424,67,25,Removal,0,0,0,0,0,9.224538528,0.377729932,0.964944649,-0.4228186
25_3,425,67,25A,Addition,0,12,1,0,13,3.31378648,0.436683565,0.520324522,-0.359833153
26_1,426,67,26,Addition,3,1,3,1,8,9.570722611,0.659242071,0.980944729,-0.180955085
27_2,427,67,27,Addition,2,3,5,0,10,8.826195804,0.653999485,0.945773558,-0.184422594
27_3,428,67,27,Addition,0,1,3,2,6,20.26115152,1.159645171,1.306664124,0.064325124
27_4,429,67,27A,Variable,0,0,0,1,1,3.584729138,0.499002202,0.554456346,-0.301897538
28_1,430,67,28,Variable,0,0,0,2,2,86.35127179,8.513572455,1.936268738,0.930111836
29_1,431,67,29,Addition,0,0,4,1,5,21.13119627,18.84655567,1.324924084,1.275231992
29_2,432,67,29,Addition,0,2,1,4,7,24.14673007,14.88659389,1.382858327,1.172795341
3_1,433,67,3,Variable,1,1,0,4,6,6.200004662,1.030483745,0.792392016,0.013041146
3_2,434,67,3,Removal,0,0,0,0,0,15.27526247,0.981990392,1.183988681,-0.007892761
3_3,435,67,3,Addition,0,1,1,10,12,5.418265734,1.844440419,0.733860301,0.265864631
4_2,436,67,4,Addition,1,3,3,5,12,5.977937529,0.739758089,0.776551372,-0.130910277
6_1,437,67,6,Variable,0,2,1,1,4,35.46346667,1.795621781,1.549781187,0.254214865
6_2,438,67,6,Removal,0,0,3,0,3,27.16971748,1.617529971,1.434085122,0.208852336
8_1,439,67,8,Removal,0,0,0,0,0,19.65805501,2.052633539,1.293540546,0.312311421
8_2,440,67,8,Removal,0,2,3,0,5,3.968685315,1.109552687,0.598646664,0.045147929
8_3,441,67,8B,Addition,2,3,1,0,6,3.556386014,0.460691698,0.551008894,-0.336589614
8_4,442,67,8A,Variable,0,0,0,1,1,34.16412308,1.674874414,1.533570278,0.223982248
8_5,443,67,8A,Variable,0,0,0,0,0,19.39698741,1.486975556,1.287734284,0.172303829
9_1,444,67,9,Removal,0,0,1,1,2,3.566341259,0.254972536,0.552222898,-0.593506596
9_2,445,67,9,Addition,0,1,1,1,3,3.807048951,0.828393241,0.580588461,-0.081763453
9_3,446,67,9A,Removal,0,0,0,1,1,1.8529669,0.282929256,0.267867661,-0.548322142
